Workbook

Sheet F
A1: A golyó magassága a talajszinthez képest (cm): | I1: ='Összesítés'!$B$3*100 -> 24.5
A2: Az erő értéke: F | B2: 0° | D2: 30° | F2: 45° | H2: 60°
A3: Sorszám | B3: d(cm) | C3: Δd(cm) | D3: d(cm) | E3: Δd(cm) | F3: d(cm) | G3: Δd(cm) | H3: d(cm) | I3: Δd(cm)
A4: 1 | B4: 53.6 | C4: 13.5 | D4: 98.9 | E4: 3.2 | F4: 84.9 | G4: 7.6 | H4: 61.5 | I4: 5.6
A5: 2 | C5: 16.6 | E5: 4.5 | G5: 9 | I5: 6.4
A6: 3 | C6: 17.9 | E6: 6 | G6: 9.1 | I6: 8.1
A7: 4 | C7: 18.9 | E7: 7 | G7: 11.9 | I7: 8.7
A8: 5 | C8: 18.8 | E8: 8.1 | G8: 12.3 | I8: 9.4
A9: 6 | C9: 20.2 | E9: 9.1 | G9: 12.9 | I9: 9.5
A10: 7 | C10: 21.3 | E10: 9 | G10: 12.5 | I10: 10.2
A11: 8 | C11: 22 | E11: 9.8 | G11: 12.5 | I11: 12.4
A12: 9 | C12: 24.8 | E12: 13.1 | G12: 12.5 | I12: 13.2
A13: 10 | C13: 24.3 | E13: 1 | G13: 14.1 | I13: 12.9
A15: d: távolság a papír közelebbi széléig. Δd: innen a becsapódásig. R = (d + Δd)/100 m. A távolságok centiméterben szerepelnek.
A18: Származtatott adatok – R (m)
A19: Sorszám | B19: 0° | C19: 30° | D19: 45° | E19: 60°
A20: 1 | B20: =($B$4+C4)/100 -> 0.671 | C20: =($D$4+E4)/100 -> 1.021 | D20: =($F$4+G4)/100 -> 0.925 | E20: =($H$4+I4)/100 -> 0.671
A21: 2 | B21: =($B$4+C5)/100 -> 0.702 | C21: =($D$4+E5)/100 -> 1.034 | D21: =($F$4+G5)/100 -> 0.939 | E21: =($H$4+I5)/100 -> 0.679
A22: 3 | B22: =($B$4+C6)/100 -> 0.715 | C22: =($D$4+E6)/100 -> 1.049 | D22: =($F$4+G6)/100 -> 0.94 | E22: =($H$4+I6)/100 -> 0.696
A23: 4 | B23: =($B$4+C7)/100 -> 0.725 | C23: =($D$4+E7)/100 -> 1.059 | D23: =($F$4+G7)/100 -> 0.968 | E23: =($H$4+I7)/100 -> 0.702
A24: 5 | B24: =($B$4+C8)/100 -> 0.724 | C24: =($D$4+E8)/100 -> 1.07 | D24: =($F$4+G8)/100 -> 0.972 | E24: =($H$4+I8)/100 -> 0.709
A25: 6 | B25: =($B$4+C9)/100 -> 0.738 | C25: =($D$4+E9)/100 -> 1.08 | D25: =($F$4+G9)/100 -> 0.978 | E25: =($H$4+I9)/100 -> 0.71
A26: 7 | B26: =($B$4+C10)/100 -> 0.749 | C26: =($D$4+E10)/100 -> 1.079 | D26: =($F$4+G10)/100 -> 0.974 | E26: =($H$4+I10)/100 -> 0.717
A27: 8 | B27: =($B$4+C11)/100 -> 0.756 | C27: =($D$4+E11)/100 -> 1.087 | D27: =($F$4+G11)/100 -> 0.974 | E27: =($H$4+I11)/100 -> 0.739
A28: 9 | B28: =($B$4+C12)/100 -> 0.784 | C28: =($D$4+E12)/100 -> 1.12 | D28: =($F$4+G12)/100 -> 0.974 | E28: =($H$4+I12)/100 -> 0.747
A29: 10 | B29: =($B$4+C13)/100 -> 0.779 | C29: =($D$4+E13)/100 -> 0.999 | D29: =($F$4+G13)/100 -> 0.99 | E29: =($H$4+I13)/100 -> 0.744
A30: Átlagos R (m) | B30: =AVERAGE(B20:B29) -> 0.7343 | C30: =AVERAGE(C20:C29) -> 1.0598 | D30: =AVERAGE(D20:D29) -> 0.9634 | E30: =AVERAGE(E20:E29) -> 0.7114
A31: μ(R) (m) | B31: =STDEVP(B20:B29) -> 0.032839153 | C31: =STDEVP(C20:C29) -> 0.033510595 | D31: =STDEVP(D20:D29) -> 0.019925863 | E31: =STDEVP(E20:E29) -> 0.024775795
A32: μ(R) – segéd (m) | B32: =B31 -> 0.032839153 | C32: =C31 -> 0.033510595 | D32: =D31 -> 0.019925863 | E32: =E31 -> 0.024775795
A33: v₀ (m/s) | B33: =B30*SQRT('Összesítés'!$B$4/(2*('Összesítés'!$B$3*COS(RADIANS(0))^2+B30*SIN(RADIANS(0))*COS(RADIANS(0))))) -> 3.2855645 | C33: =C30*SQRT('Összesítés'!$B$4/(2*('Összesítés'!$B$3*COS(RADIANS(30))^2+C30*SIN(RADIANS(30))*COS(RADIANS(30))))) -> 2.9278839 | D33: =D30*SQRT('Összesítés'!$B$4/(2*('Összesítés'!$B$3*COS(RADIANS(45))^2+D30*SIN(RADIANS(45))*COS(RADIANS(45))))) -> 2.7449585 | E33: =E30*SQRT('Összesítés'!$B$4/(2*('Összesítés'!$B$3*COS(RADIANS(60))^2+E30*SIN(RADIANS(60))*COS(RADIANS(60))))) -> 2.5926657
A34: μ(v₀) (m/s) | B34: =B33*(1/B30-SIN(RADIANS(0))*COS(RADIANS(0))/(2*('Összesítés'!$B$3*COS(RADIANS(0))^2+B30*SIN(RADIANS(0))*COS(RADIANS(0)))))*B32 -> 0.14693607 | C34: =C33*(1/C30-SIN(RADIANS(30))*COS(RADIANS(30))/(2*('Összesítés'!$B$3*COS(RADIANS(30))^2+C30*SIN(RADIANS(30))*COS(RADIANS(30)))))*C32 -> 0.059524649 | D34: =D33*(1/D30-SIN(RADIANS(45))*COS(RADIANS(45))/(2*('Összesítés'!$B$3*COS(RADIANS(45))^2+D30*SIN(RADIANS(45))*COS(RADIANS(45)))))*D32 -> 0.034142139 | E34: =E33*(1/E30-SIN(RADIANS(60))*COS(RADIANS(60))/(2*('Összesítés'!$B$3*COS(RADIANS(60))^2+E30*SIN(RADIANS(60))*COS(RADIANS(60)))))*E32 -> 0.052635086
A35: Gauss-féle középhiba: μ = √[Σ(Ri − R̄)²/n], n = 10 (jegyzet, 22. oldal). A sebesség középhibája a távolság hibájából terjed; h és α hibája nincs megadva.

Sheet 2F
A1: A golyó magassága a talajszinthez képest (cm): | I1: ='Összesítés'!$B$3*100 -> 24.5
A2: Az erő értéke: 2F | B2: 0° | D2: 30° | F2: 45° | H2: 60°
A3: Sorszám | B3: d(cm) | C3: Δd(cm) | D3: d(cm) | E3: Δd(cm) | F3: d(cm) | G3: Δd(cm) | H3: d(cm) | I3: Δd(cm)
A4: 1 | B4: 94.1 | C4: 3.2 | D4: 141.9 | E4: 6.5 | F4: 148.9 | G4: 5.9 | H4: 118.1 | I4: 4.1
A5: 2 | C5: 7.3 | E5: 5.3 | G5: 7.1 | I5: 6.1
A6: 3 | C6: 7.3 | E6: 10.1 | G6: 7.4 | I6: 9.9
A7: 4 | C7: 7.9 | E7: 14.4 | G7: 9.9 | I7: 12.1
A8: 5 | C8: 8.9 | E8: 15.6 | G8: 11.1 | I8: 18.6
A9: 6 | C9: 8.7 | E9: 16 | G9: 11.2 | I9: 25
A10: 7 | C10: 11 | E10: 17 | G10: 13.2 | I10: 26.1
A11: 8 | C11: 11 | E11: 19.9 | G11: 15.4 | I11: 13
A12: 9 | C12: 11.5 | E12: 20.1 | G12: 15.7 | I12: 9.4
A13: 10 | C13: 11.5 | E13: 20.6 | G13: 21.7 | I13: 11.3
A15: d: távolság a papír közelebbi széléig. Δd: innen a becsapódásig. R = (d + Δd)/100 m. A távolságok centiméterben szerepelnek.
A18: Származtatott adatok – R (m)
A19: Sorszám | B19: 0° | C19: 30° | D19: 45° | E19: 60°
A20: 1 | B20: =($B$4+C4)/100 -> 0.973 | C20: =($D$4+E4)/100 -> 1.484 | D20: =($F$4+G4)/100 -> 1.548 | E20: =($H$4+I4)/100 -> 1.222
A21: 2 | B21: =($B$4+C5)/100 -> 1.014 | C21: =($D$4+E5)/100 -> 1.472 | D21: =($F$4+G5)/100 -> 1.56 | E21: =($H$4+I5)/100 -> 1.242
A22: 3 | B22: =($B$4+C6)/100 -> 1.014 | C22: =($D$4+E6)/100 -> 1.52 | D22: =($F$4+G6)/100 -> 1.563 | E22: =($H$4+I6)/100 -> 1.28
A23: 4 | B23: =($B$4+C7)/100 -> 1.02 | C23: =($D$4+E7)/100 -> 1.563 | D23: =($F$4+G7)/100 -> 1.588 | E23: =($H$4+I7)/100 -> 1.302
A24: 5 | B24: =($B$4+C8)/100 -> 1.03 | C24: =($D$4+E8)/100 -> 1.575 | D24: =($F$4+G8)/100 -> 1.6 | E24: =($H$4+I8)/100 -> 1.367
A25: 6 | B25: =($B$4+C9)/100 -> 1.028 | C25: =($D$4+E9)/100 -> 1.579 | D25: =($F$4+G9)/100 -> 1.601 | E25: =($H$4+I9)/100 -> 1.431
A26: 7 | B26: =($B$4+C10)/100 -> 1.051 | C26: =($D$4+E10)/100 -> 1.589 | D26: =($F$4+G10)/100 -> 1.621 | E26: =($H$4+I10)/100 -> 1.442
A27: 8 | B27: =($B$4+C11)/100 -> 1.051 | C27: =($D$4+E11)/100 -> 1.618 | D27: =($F$4+G11)/100 -> 1.643 | E27: =($H$4+I11)/100 -> 1.311
A28: 9 | B28: =($B$4+C12)/100 -> 1.056 | C28: =($D$4+E12)/100 -> 1.62 | D28: =($F$4+G12)/100 -> 1.646 | E28: =($H$4+I12)/100 -> 1.275
A29: 10 | B29: =($B$4+C13)/100 -> 1.056 | C29: =($D$4+E13)/100 -> 1.625 | D29: =($F$4+G13)/100 -> 1.706 | E29: =($H$4+I13)/100 -> 1.294
A30: Átlagos R (m) | B30: =AVERAGE(B20:B29) -> 1.0293 | C30: =AVERAGE(C20:C29) -> 1.5645 | D30: =AVERAGE(D20:D29) -> 1.6076 | E30: =AVERAGE(E20:E29) -> 1.3166
A31: μ(R) (m) | B31: =STDEVP(B20:B29) -> 0.024686231 | C31: =STDEVP(C20:C29) -> 0.052480949 | D31: =STDEVP(D20:D29) -> 0.045697265 | E31: =STDEVP(E20:E29) -> 0.070492837
A32: μ(R) – segéd (m) | B32: =B31 -> 0.024686231 | C32: =C31 -> 0.052480949 | D32: =D31 -> 0.045697265 | E32: =E31 -> 0.070492837
A33: v₀ (m/s) | B33: =B30*SQRT('Összesítés'!$B$4/(2*('Összesítés'!$B$3*COS(RADIANS(0))^2+B30*SIN(RADIANS(0))*COS(RADIANS(0))))) -> 4.6055175 | C33: =C30*SQRT('Összesítés'!$B$4/(2*('Összesítés'!$B$3*COS(RADIANS(30))^2+C30*SIN(RADIANS(30))*COS(RADIANS(30))))) -> 3.7337348 | D33: =D30*SQRT('Összesítés'!$B$4/(2*('Összesítés'!$B$3*COS(RADIANS(45))^2+D30*SIN(RADIANS(45))*COS(RADIANS(45))))) -> 3.699318 | E33: =E30*SQRT('Összesítés'!$B$4/(2*('Összesítés'!$B$3*COS(RADIANS(60))^2+E30*SIN(RADIANS(60))*COS(RADIANS(60))))) -> 3.6697519
A34: μ(v₀) (m/s) | B34: =B33*(1/B30-SIN(RADIANS(0))*COS(RADIANS(0))/(2*('Összesítés'!$B$3*COS(RADIANS(0))^2+B30*SIN(RADIANS(0))*COS(RADIANS(0)))))*B32 -> 0.11045649 | C34: =C33*(1/C30-SIN(RADIANS(30))*COS(RADIANS(30))/(2*('Összesítés'!$B$3*COS(RADIANS(30))^2+C30*SIN(RADIANS(30))*COS(RADIANS(30)))))*C32 -> 0.075985587 | D34: =D33*(1/D30-SIN(RADIANS(45))*COS(RADIANS(45))/(2*('Összesítés'!$B$3*COS(RADIANS(45))^2+D30*SIN(RADIANS(45))*COS(RADIANS(45)))))*D32 -> 0.059531236 | E34: =E33*(1/E30-SIN(RADIANS(60))*COS(RADIANS(60))/(2*('Összesítés'!$B$3*COS(RADIANS(60))^2+E30*SIN(RADIANS(60))*COS(RADIANS(60)))))*E32 -> 0.10777298
A35: Gauss-féle középhiba: μ = √[Σ(Ri − R̄)²/n], n = 10 (jegyzet, 22. oldal). A sebesség középhibája a távolság hibájából terjed; h és α hibája nincs megadva.

Sheet 3F
A1: A golyó magassága a talajszinthez képest (cm): | I1: ='Összesítés'!$B$3*100 -> 24.5
A2: Az erő értéke: 3F | B2: 0° | D2: 30° | F2: 45° | H2: 60°
A3: Sorszám | B3: d(cm) | C3: Δd(cm) | D3: d(cm) | E3: Δd(cm) | F3: d(cm) | G3: Δd(cm) | H3: d(cm) | I3: Δd(cm)
A4: 1 | B4: 131.4 | C4: 6.2 | D4: 224.3 | E4: 1.2 | F4: 242.9 | G4: 2.9 | H4: 188.4 | I4: 2.9
A5: 2 | C5: 14.6 | E5: 3.1 | G5: 4.4 | I5: 3.4
A6: 3 | C6: 15.3 | E6: 10.4 | G6: 10.7 | I6: 6.5
A7: 4 | C7: 15.7 | E7: 11.2 | G7: 11.6 | I7: 5.3
A8: 5 | C8: 16.1 | E8: 14.1 | G8: 13.4 | I8: 8.1
A9: 6 | C9: 16.6 | E9: 20.6 | G9: 15.4 | I9: 13.6
A10: 7 | C10: 18.3 | E10: 22.2 | G10: 17.1 | I10: 12.7
A11: 8 | C11: 18.7 | E11: 25.9 | G11: 18.4 | I11: 10.1
A12: 9 | C12: 21.8 | E12: 28.4 | G12: 18.4 | I12: 14.5
A13: 10 | C13: 25.3 | E13: 4.6 | G13: 18.6 | I13: 16.4
A15: d: távolság a papír közelebbi széléig. Δd: innen a becsapódásig. R = (d + Δd)/100 m. A távolságok centiméterben szerepelnek.
A18: Származtatott adatok – R (m)
A19: Sorszám | B19: 0° | C19: 30° | D19: 45° | E19: 60°
A20: 1 | B20: =($B$4+C4)/100 -> 1.376 | C20: =($D$4+E4)/100 -> 2.255 | D20: =($F$4+G4)/100 -> 2.458 | E20: =($H$4+I4)/100 -> 1.913
A21: 2 | B21: =($B$4+C5)/100 -> 1.46 | C21: =($D$4+E5)/100 -> 2.274 | D21: =($F$4+G5)/100 -> 2.473 | E21: =($H$4+I5)/100 -> 1.918
A22: 3 | B22: =($B$4+C6)/100 -> 1.467 | C22: =($D$4+E6)/100 -> 2.347 | D22: =($F$4+G6)/100 -> 2.536 | E22: =($H$4+I6)/100 -> 1.949
A23: 4 | B23: =($B$4+C7)/100 -> 1.471 | C23: =($D$4+E7)/100 -> 2.355 | D23: =($F$4+G7)/100 -> 2.545 | E23: =($H$4+I7)/100 -> 1.937
A24: 5 | B24: =($B$4+C8)/100 -> 1.475 | C24: =($D$4+E8)/100 -> 2.384 | D24: =($F$4+G8)/100 -> 2.563 | E24: =($H$4+I8)/100 -> 1.965
A25: 6 | B25: =($B$4+C9)/100 -> 1.48 | C25: =($D$4+E9)/100 -> 2.449 | D25: =($F$4+G9)/100 -> 2.583 | E25: =($H$4+I9)/100 -> 2.02
A26: 7 | B26: =($B$4+C10)/100 -> 1.497 | C26: =($D$4+E10)/100 -> 2.465 | D26: =($F$4+G10)/100 -> 2.6 | E26: =($H$4+I10)/100 -> 2.011
A27: 8 | B27: =($B$4+C11)/100 -> 1.501 | C27: =($D$4+E11)/100 -> 2.502 | D27: =($F$4+G11)/100 -> 2.613 | E27: =($H$4+I11)/100 -> 1.985
A28: 9 | B28: =($B$4+C12)/100 -> 1.532 | C28: =($D$4+E12)/100 -> 2.527 | D28: =($F$4+G12)/100 -> 2.613 | E28: =($H$4+I12)/100 -> 2.029
A29: 10 | B29: =($B$4+C13)/100 -> 1.567 | C29: =($D$4+E13)/100 -> 2.289 | D29: =($F$4+G13)/100 -> 2.615 | E29: =($H$4+I13)/100 -> 2.048
A30: Átlagos R (m) | B30: =AVERAGE(B20:B29) -> 1.4826 | C30: =AVERAGE(C20:C29) -> 2.3847 | D30: =AVERAGE(D20:D29) -> 2.5599 | E30: =AVERAGE(E20:E29) -> 1.9775
A31: μ(R) (m) | B31: =STDEVP(B20:B29) -> 0.04735652 | C31: =STDEVP(C20:C29) -> 0.092265974 | D31: =STDEVP(D20:D29) -> 0.054364419 | E31: =STDEVP(E20:E29) -> 0.04573456
A32: μ(R) – segéd (m) | B32: =B31 -> 0.04735652 | C32: =C31 -> 0.092265974 | D32: =D31 -> 0.054364419 | E32: =E31 -> 0.04573456
A33: v₀ (m/s) | B33: =B30*SQRT('Összesítés'!$B$4/(2*('Összesítés'!$B$3*COS(RADIANS(0))^2+B30*SIN(RADIANS(0))*COS(RADIANS(0))))) -> 6.6337708 | C33: =C30*SQRT('Összesítés'!$B$4/(2*('Összesítés'!$B$3*COS(RADIANS(30))^2+C30*SIN(RADIANS(30))*COS(RADIANS(30))))) -> 4.7887594 | D33: =D30*SQRT('Összesítés'!$B$4/(2*('Összesítés'!$B$3*COS(RADIANS(45))^2+D30*SIN(RADIANS(45))*COS(RADIANS(45))))) -> 4.78739 | E33: =E30*SQRT('Összesítés'!$B$4/(2*('Összesítés'!$B$3*COS(RADIANS(60))^2+E30*SIN(RADIANS(60))*COS(RADIANS(60))))) -> 4.5722002
A34: μ(v₀) (m/s) | B34: =B33*(1/B30-SIN(RADIANS(0))*COS(RADIANS(0))/(2*('Összesítés'!$B$3*COS(RADIANS(0))^2+B30*SIN(RADIANS(0))*COS(RADIANS(0)))))*B32 -> 0.21189282 | C34: =C33*(1/C30-SIN(RADIANS(30))*COS(RADIANS(30))/(2*('Összesítés'!$B$3*COS(RADIANS(30))^2+C30*SIN(RADIANS(30))*COS(RADIANS(30)))))*C32 -> 0.10663532 | D34: =D33*(1/D30-SIN(RADIANS(45))*COS(RADIANS(45))/(2*('Összesítés'!$B$3*COS(RADIANS(45))^2+D30*SIN(RADIANS(45))*COS(RADIANS(45)))))*D32 -> 0.055275004 | E34: =E33*(1/E30-SIN(RADIANS(60))*COS(RADIANS(60))/(2*('Összesítés'!$B$3*COS(RADIANS(60))^2+E30*SIN(RADIANS(60))*COS(RADIANS(60)))))*E32 -> 0.056401155
A35: Gauss-féle középhiba: μ = √[Σ(Ri − R̄)²/n], n = 10 (jegyzet, 22. oldal). A sebesség középhibája a távolság hibájából terjed; h és α hibája nincs megadva.

Sheet Összesítés
A1: Hajítások kezdősebességének meghatározása
A3: h (m) | B3: 0.245
A4: g (m/s²) | B4: 9.81
A7: F | B7: 0° | C7: 30° | D7: 45° | E7: 60°
A8: d+Δdátlag (m) | B8: ='F'!B30 -> 0.7343 | C8: ='F'!C30 -> 1.0598 | D8: ='F'!D30 -> 0.9634 | E8: ='F'!E30 -> 0.7114
A9: v₀ (m/s) | B9: ='F'!B33 -> 3.2855645 | C9: ='F'!C33 -> 2.9278839 | D9: ='F'!D33 -> 2.7449585 | E9: ='F'!E33 -> 2.5926657
A11: 2F | B11: 0° | C11: 30° | D11: 45° | E11: 60°
A12: d+Δdátlag (m) | B12: ='2F'!B30 -> 1.0293 | C12: ='2F'!C30 -> 1.5645 | D12: ='2F'!D30 -> 1.6076 | E12: ='2F'!E30 -> 1.3166
A13: v₀ (m/s) | B13: ='2F'!B33 -> 4.6055175 | C13: ='2F'!C33 -> 3.7337348 | D13: ='2F'!D33 -> 3.699318 | E13: ='2F'!E33 -> 3.6697519
A15: 3F | B15: 0° | C15: 30° | D15: 45° | E15: 60°
A16: d+Δdátlag (m) | B16: ='3F'!B30 -> 1.4826 | C16: ='3F'!C30 -> 2.3847 | D16: ='3F'!D30 -> 2.5599 | E16: ='3F'!E30 -> 1.9775
A17: v₀ (m/s) | B17: ='3F'!B33 -> 6.6337708 | C17: ='3F'!C33 -> 4.7887594 | D17: ='3F'!D33 -> 4.78739 | E17: ='3F'!E33 -> 4.5722002
A19: Minden eredmény tíz mérésből készült. μ: a jegyzet szerinti Gauss-féle középhiba, n nevezővel. A relatív hiba μ(R)/R̄ × 100%. A köztes eredményeket nem kerekítettem.
A22: Erő | B22: α (°) | C22: R̄ (m) | D22: μ(R) (m) | E22: Relatív hiba (%) | F22: v₀ (m/s) | G22: μ(v₀) (m/s)
A23: F | B23: 0 | C23: ='F'!B30 -> 0.7343 | D23: ='F'!B31 -> 0.032839153 | E23: ='F'!B31/'F'!B30*100 -> 4.4721712 | F23: ='F'!B33 -> 3.2855645 | G23: ='F'!B34 -> 0.14693607
A24: F | B24: 30 | C24: ='F'!C30 -> 1.0598 | D24: ='F'!C31 -> 0.033510595 | E24: ='F'!C31/'F'!C30*100 -> 3.1619735 | F24: ='F'!C33 -> 2.9278839 | G24: ='F'!C34 -> 0.059524649
A25: F | B25: 45 | C25: ='F'!D30 -> 0.9634 | D25: ='F'!D31 -> 0.019925863 | E25: ='F'!D31/'F'!D30*100 -> 2.0682855 | F25: ='F'!D33 -> 2.7449585 | G25: ='F'!D34 -> 0.034142139
A26: F | B26: 60 | C26: ='F'!E30 -> 0.7114 | D26: ='F'!E31 -> 0.024775795 | E26: ='F'!E31/'F'!E30*100 -> 3.4826813 | F26: ='F'!E33 -> 2.5926657 | G26: ='F'!E34 -> 0.052635086
A27: 2F | B27: 0 | C27: ='2F'!B30 -> 1.0293 | D27: ='2F'!B31 -> 0.024686231 | E27: ='2F'!B31/'2F'!B30*100 -> 2.3983514 | F27: ='2F'!B33 -> 4.6055175 | G27: ='2F'!B34 -> 0.11045649
A28: 2F | B28: 30 | C28: ='2F'!C30 -> 1.5645 | D28: ='2F'!C31 -> 0.052480949 | E28: ='2F'!C31/'2F'!C30*100 -> 3.354487 | F28: ='2F'!C33 -> 3.7337348 | G28: ='2F'!C34 -> 0.075985587
A29: 2F | B29: 45 | C29: ='2F'!D30 -> 1.6076 | D29: ='2F'!D31 -> 0.045697265 | E29: ='2F'!D31/'2F'!D30*100 -> 2.8425768 | F29: ='2F'!D33 -> 3.699318 | G29: ='2F'!D34 -> 0.059531236
A30: 2F | B30: 60 | C30: ='2F'!E30 -> 1.3166 | D30: ='2F'!E31 -> 0.070492837 | E30: ='2F'!E31/'2F'!E30*100 -> 5.3541574 | F30: ='2F'!E33 -> 3.6697519 | G30: ='2F'!E34 -> 0.10777298
A31: 3F | B31: 0 | C31: ='3F'!B30 -> 1.4826 | D31: ='3F'!B31 -> 0.04735652 | E31: ='3F'!B31/'3F'!B30*100 -> 3.1941535 | F31: ='3F'!B33 -> 6.6337708 | G31: ='3F'!B34 -> 0.21189282
A32: 3F | B32: 30 | C32: ='3F'!C30 -> 2.3847 | D32: ='3F'!C31 -> 0.092265974 | E32: ='3F'!C31/'3F'!C30*100 -> 3.869081 | F32: ='3F'!C33 -> 4.7887594 | G32: ='3F'!C34 -> 0.10663532
A33: 3F | B33: 45 | C33: ='3F'!D30 -> 2.5599 | D33: ='3F'!D31 -> 0.054364419 | E33: ='3F'!D31/'3F'!D30*100 -> 2.1236931 | F33: ='3F'!D33 -> 4.78739 | G33: ='3F'!D34 -> 0.055275004
A34: 3F | B34: 60 | C34: ='3F'!E30 -> 1.9775 | D34: ='3F'!E31 -> 0.04573456 | E34: ='3F'!E31/'3F'!E30*100 -> 2.3127464 | F34: ='3F'!E33 -> 4.5722002 | G34: ='3F'!E34 -> 0.056401155
A36: Forrás: FIZIKA gyakorlatok közlekedésmérnököknek, 2019, 3. gyakorlat. A számításban h a kilövési és becsapódási szint különbsége. F, 2F, 3F: a rugós kilövő beállításai.
